"iso3","iso2","name","currency","currency_name","lat","lng","region"
"ABW","AW","Aruba","AWG","Aruban florin",12.5,-69.96666666,"Americas"
"AFG","AF","Afghanistan","AFN","Afghan afghani",33,65,"Asia"
"AGO","AO","Angola","AOA","Angolan kwanza",-12.5,18.5,"Africa"
"AIA","AI","Anguilla","XCD","Eastern Caribbean dollar",18.25,-63.16666666,"Americas"
"ALA","AX","Åland Islands","EUR","Euro",60.116667,19.9,"Europe"
"ALB","AL","Albania","ALL","Albanian lek",41,20,"Europe"
"AND","AD","Andorra","EUR","Euro",42.5,1.5,"Europe"
"ARE","AE","United Arab Emirates","AED","United Arab Emirates dirham",24,54,"Asia"
"ARG","AR","Argentina","ARS","Argentine peso",-34,-64,"Americas"
"ARM","AM","Armenia","AMD","Armenian dram",40,45,"Asia"
"ASM","AS","American Samoa","USD","United States dollar",-14.33333333,-170,"Oceania"
"ATA","AQ","Antarctica","","",-90,0,"Antarctic"
"ATF","TF","French Southern and Antarctic Lands","EUR","Euro",-49.25,69.167,"Antarctic"
"ATG","AG","Antigua and Barbuda","XCD","Eastern Caribbean dollar",17.05,-61.8,"Americas"
"AUS","AU","Australia","AUD","Australian dollar",-27,133,"Oceania"
"AUT","AT","Austria","EUR","Euro",47.33333333,13.33333333,"Europe"
"AZE","AZ","Azerbaijan","AZN","Azerbaijani manat",40.5,47.5,"Asia"
"BDI","BI","Burundi","BIF","Burundian franc",-3.5,30,"Africa"
"BEL","BE","Belgium","EUR","Euro",50.83333333,4,"Europe"
"BEN","BJ","Benin","XOF","West African CFA franc",9.5,2.25,"Africa"
"BFA","BF","Burkina Faso","XOF","West African CFA franc",13,-2,"Africa"
"BGD","BD","Bangladesh","BDT","Bangladeshi taka",24,90,"Asia"
"BGR","BG","Bulgaria","EUR","Euro",43,25,"Europe"
"BHR","BH","Bahrain","BHD","Bahraini dinar",26,50.55,"Asia"
"BHS","BS","Bahamas","BSD","Bahamian dollar",24.25,-76,"Americas"
"BHS","BS","Bahamas","USD","United States dollar",24.25,-76,"Americas"
"BIH","BA","Bosnia and Herzegovina","BAM","Bosnia and Herzegovina convertible mark",44,18,"Europe"
"BLM","BL","Saint Barthélemy","EUR","Euro",18.5,-63.41666666,"Americas"
"SHN","SH","Saint Helena, Ascension and Tristan da Cunha","GBP","Pound sterling",-15.95,-5.72,"Africa"
"SHN","SH","Saint Helena, Ascension and Tristan da Cunha","SHP","Saint Helena pound",-15.95,-5.72,"Africa"
"BLR","BY","Belarus","BYN","Belarusian ruble",53,28,"Europe"
"BLZ","BZ","Belize","BZD","Belize dollar",17.25,-88.75,"Americas"
"BMU","BM","Bermuda","BMD","Bermudian dollar",32.33333333,-64.75,"Americas"
"BOL","BO","Bolivia","BOB","Bolivian boliviano",-17,-65,"Americas"
"BES","BQ","Caribbean Netherlands","USD","United States dollar",12.18,-68.25,"Americas"
"BRA","BR","Brazil","BRL","Brazilian real",-10,-55,"Americas"
"BRB","BB","Barbados","BBD","Barbadian dollar",13.16666666,-59.53333333,"Americas"
"BRN","BN","Brunei","BND","Brunei dollar",4.5,114.66666666,"Asia"
"BRN","BN","Brunei","SGD","Singapore dollar",4.5,114.66666666,"Asia"
"BTN","BT","Bhutan","BTN","Bhutanese ngultrum",27.5,90.5,"Asia"
"BTN","BT","Bhutan","INR","Indian rupee",27.5,90.5,"Asia"
"BVT","BV","Bouvet Island","","",-54.43333333,3.4,"Antarctic"
"BWA","BW","Botswana","BWP","Botswana pula",-22,24,"Africa"
"CAF","CF","Central African Republic","XAF","Central African CFA franc",7,21,"Africa"
"CAN","CA","Canada","CAD","Canadian dollar",60,-95,"Americas"
"CCK","CC","Cocos (Keeling) Islands","AUD","Australian dollar",-12.5,96.83333333,"Oceania"
"CHE","CH","Switzerland","CHF","Swiss franc",47,8,"Europe"
"CHL","CL","Chile","CLP","Chilean peso",-30,-71,"Americas"
"CHN","CN","China","CNY","Chinese yuan",35,105,"Asia"
"CIV","CI","Ivory Coast","XOF","West African CFA franc",8,-5,"Africa"
"CMR","CM","Cameroon","XAF","Central African CFA franc",6,12,"Africa"
"COD","CD","DR Congo","CDF","Congolese franc",0,25,"Africa"
"COG","CG","Congo","XAF","Central African CFA franc",-1,15,"Africa"
"COK","CK","Cook Islands","CKD","Cook Islands dollar",-21.23333333,-159.76666666,"Oceania"
"COK","CK","Cook Islands","NZD","New Zealand dollar",-21.23333333,-159.76666666,"Oceania"
"COL","CO","Colombia","COP","Colombian peso",4,-72,"Americas"
"COM","KM","Comoros","KMF","Comorian franc",-12.16666666,44.25,"Africa"
"CPV","CV","Cape Verde","CVE","Cape Verdean escudo",16,-24,"Africa"
"CRI","CR","Costa Rica","CRC","Costa Rican colón",10,-84,"Americas"
"CUB","CU","Cuba","CUC","Cuban convertible peso",21.5,-80,"Americas"
"CUB","CU","Cuba","CUP","Cuban peso",21.5,-80,"Americas"
"CUW","CW","Curaçao","XCG","Caribbean guilder",12.116667,-68.933333,"Americas"
"CXR","CX","Christmas Island","AUD","Australian dollar",-10.5,105.66666666,"Oceania"
"CYM","KY","Cayman Islands","KYD","Cayman Islands dollar",19.5,-80.5,"Americas"
"CYP","CY","Cyprus","EUR","Euro",35,33,"Europe"
"CZE","CZ","Czechia","CZK","Czech koruna",49.75,15.5,"Europe"
"DEU","DE","Germany","EUR","Euro",51,9,"Europe"
"DJI","DJ","Djibouti","DJF","Djiboutian franc",11.5,43,"Africa"
"DMA","DM","Dominica","XCD","Eastern Caribbean dollar",15.41666666,-61.33333333,"Americas"
"DNK","DK","Denmark","DKK","Danish krone",56,10,"Europe"
"DOM","DO","Dominican Republic","DOP","Dominican peso",19,-70.66666666,"Americas"
"DZA","DZ","Algeria","DZD","Algerian dinar",28,3,"Africa"
"ECU","EC","Ecuador","USD","United States dollar",-2,-77.5,"Americas"
"EGY","EG","Egypt","EGP","Egyptian pound",27,30,"Africa"
"ERI","ER","Eritrea","ERN","Eritrean nakfa",15,39,"Africa"
"ESH","EH","Western Sahara","DZD","Algerian dinar",24.5,-13,"Africa"
"ESH","EH","Western Sahara","MAD","Moroccan dirham",24.5,-13,"Africa"
"ESH","EH","Western Sahara","MRU","Mauritanian ouguiya",24.5,-13,"Africa"
"ESP","ES","Spain","EUR","Euro",40,-4,"Europe"
"EST","EE","Estonia","EUR","Euro",59,26,"Europe"
"ETH","ET","Ethiopia","ETB","Ethiopian birr",8,38,"Africa"
"FIN","FI","Finland","EUR","Euro",64,26,"Europe"
"FJI","FJ","Fiji","FJD","Fijian dollar",-18,175,"Oceania"
"FLK","FK","Falkland Islands","FKP","Falkland Islands pound",-51.75,-59,"Americas"
"FRA","FR","France","EUR","Euro",46,2,"Europe"
"FRO","FO","Faroe Islands","DKK","Danish krone",62,-7,"Europe"
"FRO","FO","Faroe Islands","FOK","Faroese króna",62,-7,"Europe"
"FSM","FM","Micronesia","","",6.91666666,158.25,"Oceania"
"GAB","GA","Gabon","XAF","Central African CFA franc",-1,11.75,"Africa"
"GBR","GB","United Kingdom","GBP","British pound",54,-2,"Europe"
"GEO","GE","Georgia","GEL","lari",42,43.5,"Asia"
"GGY","GG","Guernsey","GBP","British pound",49.46666666,-2.58333333,"Europe"
"GGY","GG","Guernsey","GGP","Guernsey pound",49.46666666,-2.58333333,"Europe"
"GHA","GH","Ghana","GHS","Ghanaian cedi",8,-2,"Africa"
"GIB","GI","Gibraltar","GIP","Gibraltar pound",36.13333333,-5.35,"Europe"
"GIN","GN","Guinea","GNF","Guinean franc",11,-10,"Africa"
"GLP","GP","Guadeloupe","EUR","Euro",16.25,-61.583333,"Americas"
"GMB","GM","Gambia","GMD","dalasi",13.46666666,-16.56666666,"Africa"
"GNB","GW","Guinea-Bissau","XOF","West African CFA franc",12,-15,"Africa"
"GNQ","GQ","Equatorial Guinea","XAF","Central African CFA franc",2,10,"Africa"
"GRC","GR","Greece","EUR","Euro",39,22,"Europe"
"GRD","GD","Grenada","XCD","Eastern Caribbean dollar",12.11666666,-61.66666666,"Americas"
"GRL","GL","Greenland","DKK","krone",72,-40,"Americas"
"GTM","GT","Guatemala","GTQ","Guatemalan quetzal",15.5,-90.25,"Americas"
"GUF","GF","French Guiana","EUR","Euro",4,-53,"Americas"
"GUM","GU","Guam","USD","United States dollar",13.46666666,144.78333333,"Oceania"
"GUY","GY","Guyana","GYD","Guyanese dollar",5,-59,"Americas"
"HKG","HK","Hong Kong","HKD","Hong Kong dollar",22.267,114.188,"Asia"
"HMD","HM","Heard Island and McDonald Islands","","",-53.1,72.51666666,"Antarctic"
"HND","HN","Honduras","HNL","Honduran lempira",15,-86.5,"Americas"
"HRV","HR","Croatia","EUR","Euro",45.16666666,15.5,"Europe"
"HTI","HT","Haiti","HTG","Haitian gourde",19,-72.41666666,"Americas"
"HUN","HU","Hungary","HUF","Hungarian forint",47,20,"Europe"
"IDN","ID","Indonesia","IDR","Indonesian rupiah",-5,120,"Asia"
"IMN","IM","Isle of Man","GBP","British pound",54.25,-4.5,"Europe"
"IMN","IM","Isle of Man","IMP","Manx pound",54.25,-4.5,"Europe"
"IND","IN","India","INR","Indian rupee",20,77,"Asia"
"IOT","IO","British Indian Ocean Territory","USD","United States dollar",-6,71.5,"Africa"
"IRL","IE","Ireland","EUR","Euro",53,-8,"Europe"
"IRN","IR","Iran","IRR","Iranian rial",32,53,"Asia"
"IRQ","IQ","Iraq","IQD","Iraqi dinar",33,44,"Asia"
"ISL","IS","Iceland","ISK","Icelandic króna",65,-18,"Europe"
"ISR","IL","Israel","ILS","Israeli new shekel",31.47,35.13,"Asia"
"ITA","IT","Italy","EUR","Euro",42.83333333,12.83333333,"Europe"
"JAM","JM","Jamaica","JMD","Jamaican dollar",18.25,-77.5,"Americas"
"JEY","JE","Jersey","GBP","British pound",49.25,-2.16666666,"Europe"
"JEY","JE","Jersey","JEP","Jersey pound",49.25,-2.16666666,"Europe"
"JOR","JO","Jordan","JOD","Jordanian dinar",31,36,"Asia"
"JPN","JP","Japan","JPY","Japanese yen",36,138,"Asia"
"KAZ","KZ","Kazakhstan","KZT","Kazakhstani tenge",48,68,"Asia"
"KEN","KE","Kenya","KES","Kenyan shilling",1,38,"Africa"
"KGZ","KG","Kyrgyzstan","KGS","Kyrgyzstani som",41,75,"Asia"
"KHM","KH","Cambodia","KHR","Cambodian riel",13,105,"Asia"
"KHM","KH","Cambodia","USD","United States dollar",13,105,"Asia"
"KIR","KI","Kiribati","AUD","Australian dollar",1.41666666,173,"Oceania"
"KIR","KI","Kiribati","KID","Kiribati dollar",1.41666666,173,"Oceania"
"KNA","KN","Saint Kitts and Nevis","XCD","Eastern Caribbean dollar",17.33333333,-62.75,"Americas"
"KOR","KR","South Korea","KRW","South Korean won",37,127.5,"Asia"
"UNK","XK","Kosovo","EUR","Euro",42.666667,21.166667,"Europe"
"KWT","KW","Kuwait","KWD","Kuwaiti dinar",29.5,45.75,"Asia"
"LAO","LA","Laos","LAK","Lao kip",18,105,"Asia"
"LBN","LB","Lebanon","LBP","Lebanese pound",33.83333333,35.83333333,"Asia"
"LBR","LR","Liberia","LRD","Liberian dollar",6.5,-9.5,"Africa"
"LBY","LY","Libya","LYD","Libyan dinar",25,17,"Africa"
"LCA","LC","Saint Lucia","XCD","Eastern Caribbean dollar",13.88333333,-60.96666666,"Americas"
"LIE","LI","Liechtenstein","CHF","Swiss franc",47.26666666,9.53333333,"Europe"
"LKA","LK","Sri Lanka","LKR","Sri Lankan rupee",7,81,"Asia"
"LSO","LS","Lesotho","LSL","Lesotho loti",-29.5,28.5,"Africa"
"LSO","LS","Lesotho","ZAR","South African rand",-29.5,28.5,"Africa"
"LTU","LT","Lithuania","EUR","Euro",56,24,"Europe"
"LUX","LU","Luxembourg","EUR","Euro",49.75,6.16666666,"Europe"
"LVA","LV","Latvia","EUR","Euro",57,25,"Europe"
"MAC","MO","Macau","MOP","Macanese pataca",22.16666666,113.55,"Asia"
"MAF","MF","Saint Martin","EUR","Euro",18.08333333,-63.95,"Americas"
"MAR","MA","Morocco","MAD","Moroccan dirham",32,-5,"Africa"
"MCO","MC","Monaco","EUR","Euro",43.73333333,7.4,"Europe"
"MDA","MD","Moldova","MDL","Moldovan leu",47,29,"Europe"
"MDG","MG","Madagascar","MGA","Malagasy ariary",-20,47,"Africa"
"MDV","MV","Maldives","MVR","Maldivian rufiyaa",3.25,73,"Asia"
"MEX","MX","Mexico","MXN","Mexican peso",23,-102,"Americas"
"MHL","MH","Marshall Islands","USD","United States dollar",9,168,"Oceania"
"MKD","MK","North Macedonia","MKD","denar",41.83333333,22,"Europe"
"MLI","ML","Mali","XOF","West African CFA franc",17,-4,"Africa"
"MLT","MT","Malta","EUR","Euro",35.83333333,14.58333333,"Europe"
"MMR","MM","Myanmar","MMK","Burmese kyat",22,98,"Asia"
"MNE","ME","Montenegro","EUR","Euro",42.5,19.3,"Europe"
"MNG","MN","Mongolia","MNT","Mongolian tögrög",46,105,"Asia"
"MNP","MP","Northern Mariana Islands","USD","United States dollar",15.2,145.75,"Oceania"
"MOZ","MZ","Mozambique","MZN","Mozambican metical",-18.25,35,"Africa"
"MRT","MR","Mauritania","MRU","Mauritanian ouguiya",20,-12,"Africa"
"MSR","MS","Montserrat","XCD","Eastern Caribbean dollar",16.75,-62.2,"Americas"
"MTQ","MQ","Martinique","EUR","Euro",14.666667,-61,"Americas"
"MUS","MU","Mauritius","MUR","Mauritian rupee",-20.28333333,57.55,"Africa"
"MWI","MW","Malawi","MWK","Malawian kwacha",-13.5,34,"Africa"
"MYS","MY","Malaysia","MYR","Malaysian ringgit",2.5,112.5,"Asia"
"MYT","YT","Mayotte","EUR","Euro",-12.83333333,45.16666666,"Africa"
"NAM","NA","Namibia","NAD","Namibian dollar",-22,17,"Africa"
"NAM","NA","Namibia","ZAR","South African rand",-22,17,"Africa"
"NCL","NC","New Caledonia","XPF","CFP franc",-21.5,165.5,"Oceania"
"NER","NE","Niger","XOF","West African CFA franc",16,8,"Africa"
"NFK","NF","Norfolk Island","AUD","Australian dollar",-29.03333333,167.95,"Oceania"
"NGA","NG","Nigeria","NGN","Nigerian naira",10,8,"Africa"
"NIC","NI","Nicaragua","NIO","Nicaraguan córdoba",13,-85,"Americas"
"NIU","NU","Niue","NZD","New Zealand dollar",-19.03333333,-169.86666666,"Oceania"
"NLD","NL","Netherlands","EUR","Euro",52.5,5.75,"Europe"
"NOR","NO","Norway","NOK","Norwegian krone",62,10,"Europe"
"NPL","NP","Nepal","NPR","Nepalese rupee",28,84,"Asia"
"NRU","NR","Nauru","AUD","Australian dollar",-0.53333333,166.91666666,"Oceania"
"NZL","NZ","New Zealand","NZD","New Zealand dollar",-41,174,"Oceania"
"OMN","OM","Oman","OMR","Omani rial",21,57,"Asia"
"PAK","PK","Pakistan","PKR","Pakistani rupee",30,70,"Asia"
"PAN","PA","Panama","PAB","Panamanian balboa",9,-80,"Americas"
"PAN","PA","Panama","USD","United States dollar",9,-80,"Americas"
"PCN","PN","Pitcairn Islands","NZD","New Zealand dollar",-25.06666666,-130.1,"Oceania"
"PER","PE","Peru","PEN","Peruvian sol",-10,-76,"Americas"
"PHL","PH","Philippines","PHP","Philippine peso",13,122,"Asia"
"PLW","PW","Palau","USD","United States dollar",7.5,134.5,"Oceania"
"PNG","PG","Papua New Guinea","PGK","Papua New Guinean kina",-6,147,"Oceania"
"POL","PL","Poland","PLN","Polish złoty",52,20,"Europe"
"PRI","PR","Puerto Rico","USD","United States dollar",18.25,-66.5,"Americas"
"PRK","KP","North Korea","KPW","North Korean won",40,127,"Asia"
"PRT","PT","Portugal","EUR","Euro",39.5,-8,"Europe"
"PRY","PY","Paraguay","PYG","Paraguayan guaraní",-23,-58,"Americas"
"PSE","PS","Palestine","EGP","Egyptian pound",31.9,35.2,"Asia"
"PSE","PS","Palestine","ILS","Israeli new shekel",31.9,35.2,"Asia"
"PSE","PS","Palestine","JOD","Jordanian dinar",31.9,35.2,"Asia"
"PYF","PF","French Polynesia","XPF","CFP franc",-15,-140,"Oceania"
"QAT","QA","Qatar","QAR","Qatari riyal",25.5,51.25,"Asia"
"REU","RE","Réunion","EUR","Euro",-21.15,55.5,"Africa"
"ROU","RO","Romania","RON","Romanian leu",46,25,"Europe"
"RUS","RU","Russia","RUB","Russian ruble",60,100,"Europe"
"RWA","RW","Rwanda","RWF","Rwandan franc",-2,30,"Africa"
"SAU","SA","Saudi Arabia","SAR","Saudi riyal",25,45,"Asia"
"SDN","SD","Sudan","SDG","Sudanese pound",15,30,"Africa"
"SEN","SN","Senegal","XOF","West African CFA franc",14,-14,"Africa"
"SGP","SG","Singapore","SGD","Singapore dollar",1.36666666,103.8,"Asia"
"SGS","GS","South Georgia","SHP","Saint Helena pound",-54.5,-37,"Antarctic"
"SJM","SJ","Svalbard and Jan Mayen","NOK","krone",78,20,"Europe"
"SLB","SB","Solomon Islands","SBD","Solomon Islands dollar",-8,159,"Oceania"
"SLE","SL","Sierra Leone","SLE","Sierra Leonean leone",8.5,-11.5,"Africa"
"SLV","SV","El Salvador","USD","United States dollar",13.83333333,-88.91666666,"Americas"
"SMR","SM","San Marino","EUR","Euro",43.76666666,12.41666666,"Europe"
"SOM","SO","Somalia","SOS","Somali shilling",10,49,"Africa"
"SPM","PM","Saint Pierre and Miquelon","EUR","Euro",46.83333333,-56.33333333,"Americas"
"SRB","RS","Serbia","RSD","Serbian dinar",44,21,"Europe"
"SSD","SS","South Sudan","SSP","South Sudanese pound",7,30,"Africa"
"STP","ST","São Tomé and Príncipe","STN","São Tomé and Príncipe dobra",1,7,"Africa"
"SUR","SR","Suriname","SRD","Surinamese dollar",4,-56,"Americas"
"SVK","SK","Slovakia","EUR","Euro",48.66666666,19.5,"Europe"
"SVN","SI","Slovenia","EUR","Euro",46.11666666,14.81666666,"Europe"
"SWE","SE","Sweden","SEK","Swedish krona",62,15,"Europe"
"SWZ","SZ","Eswatini","SZL","Swazi lilangeni",-26.5,31.5,"Africa"
"SWZ","SZ","Eswatini","ZAR","South African rand",-26.5,31.5,"Africa"
"SXM","SX","Sint Maarten","XCG","Caribbean guilder",18.033333,-63.05,"Americas"
"SYC","SC","Seychelles","SCR","Seychellois rupee",-4.58333333,55.66666666,"Africa"
"SYR","SY","Syria","SYP","Syrian pound",35,38,"Asia"
"TCA","TC","Turks and Caicos Islands","USD","United States dollar",21.75,-71.58333333,"Americas"
"TCD","TD","Chad","XAF","Central African CFA franc",15,19,"Africa"
"TGO","TG","Togo","XOF","West African CFA franc",8,1.16666666,"Africa"
"THA","TH","Thailand","THB","Thai baht",15,100,"Asia"
"TJK","TJ","Tajikistan","TJS","Tajikistani somoni",39,71,"Asia"
"TKL","TK","Tokelau","NZD","New Zealand dollar",-9,-172,"Oceania"
"TKM","TM","Turkmenistan","TMT","Turkmenistan manat",40,60,"Asia"
"TLS","TL","Timor-Leste","USD","United States dollar",-8.83333333,125.91666666,"Asia"
"TON","TO","Tonga","TOP","Tongan paʻanga",-20,-175,"Oceania"
"TTO","TT","Trinidad and Tobago","TTD","Trinidad and Tobago dollar",11,-61,"Americas"
"TUN","TN","Tunisia","TND","Tunisian dinar",34,9,"Africa"
"TUR","TR","Türkiye","TRY","Turkish lira",39,35,"Asia"
"TUV","TV","Tuvalu","AUD","Australian dollar",-8,178,"Oceania"
"TUV","TV","Tuvalu","TVD","Tuvaluan dollar",-8,178,"Oceania"
"TWN","TW","Taiwan","TWD","New Taiwan dollar",23.5,121,"Asia"
"TZA","TZ","Tanzania","TZS","Tanzanian shilling",-6,35,"Africa"
"UGA","UG","Uganda","UGX","Ugandan shilling",1,32,"Africa"
"UKR","UA","Ukraine","UAH","Ukrainian hryvnia",49,32,"Europe"
"UMI","UM","United States Minor Outlying Islands","USD","United States dollar",19.3,166.633333,"Americas"
"URY","UY","Uruguay","UYU","Uruguayan peso",-33,-56,"Americas"
"USA","US","United States","USD","United States dollar",38,-97,"Americas"
"UZB","UZ","Uzbekistan","UZS","Uzbekistani soʻm",41,64,"Asia"
"VAT","VA","Vatican City","EUR","Euro",41.9,12.45,"Europe"
"VCT","VC","Saint Vincent and the Grenadines","XCD","Eastern Caribbean dollar",13.25,-61.2,"Americas"
"VEN","VE","Venezuela","VES","Venezuelan bolívar soberano",8,-66,"Americas"
"VGB","VG","British Virgin Islands","USD","United States dollar",18.431383,-64.62305,"Americas"
"VIR","VI","United States Virgin Islands","USD","United States dollar",18.35,-64.933333,"Americas"
"VNM","VN","Vietnam","VND","Vietnamese đồng",16.16666666,107.83333333,"Asia"
"VUT","VU","Vanuatu","VUV","Vanuatu vatu",-16,167,"Oceania"
"WLF","WF","Wallis and Futuna","XPF","CFP franc",-13.3,-176.2,"Oceania"
"WSM","WS","Samoa","WST","Samoan tālā",-13.58333333,-172.33333333,"Oceania"
"YEM","YE","Yemen","YER","Yemeni rial",15,48,"Asia"
"ZAF","ZA","South Africa","ZAR","South African rand",-29,24,"Africa"
"ZMB","ZM","Zambia","ZMW","Zambian kwacha",-15,30,"Africa"
"ZWE","ZW","Zimbabwe","BWP","Botswana pula",-20,30,"Africa"
"ZWE","ZW","Zimbabwe","CNY","Chinese yuan",-20,30,"Africa"
"ZWE","ZW","Zimbabwe","EUR","Euro",-20,30,"Africa"
"ZWE","ZW","Zimbabwe","GBP","British pound",-20,30,"Africa"
"ZWE","ZW","Zimbabwe","INR","Indian rupee",-20,30,"Africa"
"ZWE","ZW","Zimbabwe","JPY","Japanese yen",-20,30,"Africa"
"ZWE","ZW","Zimbabwe","USD","United States dollar",-20,30,"Africa"
"ZWE","ZW","Zimbabwe","ZAR","South African rand",-20,30,"Africa"
"ZWE","ZW","Zimbabwe","ZWB","Zimbabwean bonds",-20,30,"Africa"
